<article xmlns:xsi="http://www.w3.org/2001/XMLSchema-instance"
         xmlns:xlink="http://www.w3.org/1999/xlink"
         xmlns:mml="http://www.w3.org/1998/Math/MathML"
         dtd-version="1.0"
         article-type="research-article">
   <front>
      <journal-meta>
         <journal-id journal-id-type="jstor">pamphdur</journal-id>
         <journal-id journal-id-type="jstor">j60225641</journal-id>
         <journal-title-group>
            <journal-title>Earl Grey Pamphlets Collection</journal-title>
         </journal-title-group>
         <publisher>
            <publisher-name>Co-operative Printing Society ... and at Machester and Newcastle,</publisher-name>
         </publisher>
         <custom-meta-group/>
      </journal-meta>
      <article-meta>
         <article-id pub-id-type="jstor">60226762</article-id>
         <article-id pub-id-type="pamphlet">/tank/rluk/pamphlets/migrated/dur/18B18117466_dur-000-1/</article-id>
         <article-id pub-id-type="pamphlet">18B18117466</article-id>
         <title-group>
            <article-title>Title of the article</article-title>
         </title-group>
         <contrib-group>
            <contrib>
               <string-name>Author name</string-name>
            </contrib>
         </contrib-group>
         <pub-date>
            <day>1</day>
            <month>1</month>
            <year>1900</year>
         </pub-date>
         <issue-id>i60226761</issue-id>
         <self-uri xlink:href="https://www.jstor.org/stable/60226762"/>
         <custom-meta-group>
            <custom-meta>
               <meta-name>lang</meta-name>
               <meta-value>eng</meta-value>
            </custom-meta>
         </custom-meta-group>
      </article-meta>
   </front>
</article>
